teacher_count,condition,train_seed,eval_domain,eval_seed,success_rate,mean_final_position_norm,mean_final_velocity_norm,mean_final_angular_velocity_norm,invalid_or_nan_rate,mean_action_norm,skipped_updates,training_nan_inf,checkpoint
8,scratch,0,fixed,10000,0,7.54701,12.1527,8.52735,0,0.0861458,0,0,/home/lvmingyang/raptor_diff_20260531_215150/diffphys/rl-tools/runs/teacher_cost_pilot/mini_teachers_2026-06-02/scratch/teachers_8/seed_0/checkpoint.h5
8,scratch,0,fixed,10001,0,7.33468,11.8979,8.4232,0,0.0804403,0,0,/home/lvmingyang/raptor_diff_20260531_215150/diffphys/rl-tools/runs/teacher_cost_pilot/mini_teachers_2026-06-02/scratch/teachers_8/seed_0/checkpoint.h5
8,scratch,0,fixed,10002,0,7.47839,12.1722,9.06739,0,0.0805245,0,0,/home/lvmingyang/raptor_diff_20260531_215150/diffphys/rl-tools/runs/teacher_cost_pilot/mini_teachers_2026-06-02/scratch/teachers_8/seed_0/checkpoint.h5
8,scratch,0,narrow,10000,0,7.37095,11.9761,8.58344,0,0.0794398,0,0,/home/lvmingyang/raptor_diff_20260531_215150/diffphys/rl-tools/runs/teacher_cost_pilot/mini_teachers_2026-06-02/scratch/teachers_8/seed_0/checkpoint.h5
8,scratch,0,narrow,10001,0,7.36361,12.0603,8.9941,0,0.0827605,0,0,/home/lvmingyang/raptor_diff_20260531_215150/diffphys/rl-tools/runs/teacher_cost_pilot/mini_teachers_2026-06-02/scratch/teachers_8/seed_0/checkpoint.h5
8,scratch,0,narrow,10002,0,7.62113,12.4337,8.21042,0,0.0828467,0,0,/home/lvmingyang/raptor_diff_20260531_215150/diffphys/rl-tools/runs/teacher_cost_pilot/mini_teachers_2026-06-02/scratch/teachers_8/seed_0/checkpoint.h5
8,scratch,0,medium,10000,0,7.29859,11.9223,8.83767,0,0.0832709,0,0,/home/lvmingyang/raptor_diff_20260531_215150/diffphys/rl-tools/runs/teacher_cost_pilot/mini_teachers_2026-06-02/scratch/teachers_8/seed_0/checkpoint.h5
8,scratch,0,medium,10001,0,7.25873,11.9611,9.27082,0,0.0868509,0,0,/home/lvmingyang/raptor_diff_20260531_215150/diffphys/rl-tools/runs/teacher_cost_pilot/mini_teachers_2026-06-02/scratch/teachers_8/seed_0/checkpoint.h5
8,scratch,0,medium,10002,0,7.20889,11.9968,9.03935,0,0.0833752,0,0,/home/lvmingyang/raptor_diff_20260531_215150/diffphys/rl-tools/runs/teacher_cost_pilot/mini_teachers_2026-06-02/scratch/teachers_8/seed_0/checkpoint.h5
8,diff_init,0,fixed,10000,0,4.22416,5.78668,1.62516,0,0.382048,0,0,/home/lvmingyang/raptor_diff_20260531_215150/diffphys/rl-tools/runs/teacher_cost_pilot/mini_teachers_2026-06-02/diff_init/teachers_8/seed_0/checkpoint.h5
8,diff_init,0,fixed,10001,0,4.12633,5.69811,1.55362,0,0.375639,0,0,/home/lvmingyang/raptor_diff_20260531_215150/diffphys/rl-tools/runs/teacher_cost_pilot/mini_teachers_2026-06-02/diff_init/teachers_8/seed_0/checkpoint.h5
8,diff_init,0,fixed,10002,0,4.10967,5.67477,1.594,0,0.375108,0,0,/home/lvmingyang/raptor_diff_20260531_215150/diffphys/rl-tools/runs/teacher_cost_pilot/mini_teachers_2026-06-02/diff_init/teachers_8/seed_0/checkpoint.h5
8,diff_init,0,narrow,10000,0,3.89559,5.30596,1.55674,0,0.370321,0,0,/home/lvmingyang/raptor_diff_20260531_215150/diffphys/rl-tools/runs/teacher_cost_pilot/mini_teachers_2026-06-02/diff_init/teachers_8/seed_0/checkpoint.h5
8,diff_init,0,narrow,10001,0,3.94192,5.39228,1.66779,0,0.368956,0,0,/home/lvmingyang/raptor_diff_20260531_215150/diffphys/rl-tools/runs/teacher_cost_pilot/mini_teachers_2026-06-02/diff_init/teachers_8/seed_0/checkpoint.h5
8,diff_init,0,narrow,10002,0,3.92654,5.3564,1.74769,0,0.372312,0,0,/home/lvmingyang/raptor_diff_20260531_215150/diffphys/rl-tools/runs/teacher_cost_pilot/mini_teachers_2026-06-02/diff_init/teachers_8/seed_0/checkpoint.h5
8,diff_init,0,medium,10000,0,3.60508,4.81892,1.55492,0,0.358107,0,0,/home/lvmingyang/raptor_diff_20260531_215150/diffphys/rl-tools/runs/teacher_cost_pilot/mini_teachers_2026-06-02/diff_init/teachers_8/seed_0/checkpoint.h5
8,diff_init,0,medium,10001,0,3.70495,4.9851,1.69583,0,0.359154,0,0,/home/lvmingyang/raptor_diff_20260531_215150/diffphys/rl-tools/runs/teacher_cost_pilot/mini_teachers_2026-06-02/diff_init/teachers_8/seed_0/checkpoint.h5
8,diff_init,0,medium,10002,0,3.55561,4.85266,1.63978,0,0.352874,0,0,/home/lvmingyang/raptor_diff_20260531_215150/diffphys/rl-tools/runs/teacher_cost_pilot/mini_teachers_2026-06-02/diff_init/teachers_8/seed_0/checkpoint.h5
8,scratch,1,fixed,10000,0,7.55713,12.1978,9.09922,0,0.0937311,0,0,/home/lvmingyang/raptor_diff_20260531_215150/diffphys/rl-tools/runs/teacher_cost_pilot/mini_teachers_2026-06-02/scratch/teachers_8/seed_1/checkpoint.h5
8,scratch,1,fixed,10001,0,7.33624,12.0091,8.64281,0,0.090635,0,0,/home/lvmingyang/raptor_diff_20260531_215150/diffphys/rl-tools/runs/teacher_cost_pilot/mini_teachers_2026-06-02/scratch/teachers_8/seed_1/checkpoint.h5
8,scratch,1,fixed,10002,0,7.33605,12.0534,8.58463,0,0.0937832,0,0,/home/lvmingyang/raptor_diff_20260531_215150/diffphys/rl-tools/runs/teacher_cost_pilot/mini_teachers_2026-06-02/scratch/teachers_8/seed_1/checkpoint.h5
8,scratch,1,narrow,10000,0,7.16676,11.8129,9.07242,0,0.0911374,0,0,/home/lvmingyang/raptor_diff_20260531_215150/diffphys/rl-tools/runs/teacher_cost_pilot/mini_teachers_2026-06-02/scratch/teachers_8/seed_1/checkpoint.h5
8,scratch,1,narrow,10001,0,7.23899,11.8661,8.97539,0,0.0930031,0,0,/home/lvmingyang/raptor_diff_20260531_215150/diffphys/rl-tools/runs/teacher_cost_pilot/mini_teachers_2026-06-02/scratch/teachers_8/seed_1/checkpoint.h5
8,scratch,1,narrow,10002,0,7.62485,12.4864,9.1785,0,0.0985646,0,0,/home/lvmingyang/raptor_diff_20260531_215150/diffphys/rl-tools/runs/teacher_cost_pilot/mini_teachers_2026-06-02/scratch/teachers_8/seed_1/checkpoint.h5
8,scratch,1,medium,10000,0,7.06783,11.7719,8.80461,0,0.0905587,0,0,/home/lvmingyang/raptor_diff_20260531_215150/diffphys/rl-tools/runs/teacher_cost_pilot/mini_teachers_2026-06-02/scratch/teachers_8/seed_1/checkpoint.h5
8,scratch,1,medium,10001,0,7.16129,11.8203,8.89082,0,0.093182,0,0,/home/lvmingyang/raptor_diff_20260531_215150/diffphys/rl-tools/runs/teacher_cost_pilot/mini_teachers_2026-06-02/scratch/teachers_8/seed_1/checkpoint.h5
8,scratch,1,medium,10002,0,7.07744,11.8102,8.70348,0,0.0955493,0,0,/home/lvmingyang/raptor_diff_20260531_215150/diffphys/rl-tools/runs/teacher_cost_pilot/mini_teachers_2026-06-02/scratch/teachers_8/seed_1/checkpoint.h5
8,diff_init,1,fixed,10000,0,4.21501,5.76993,1.6325,0,0.385047,0,0,/home/lvmingyang/raptor_diff_20260531_215150/diffphys/rl-tools/runs/teacher_cost_pilot/mini_teachers_2026-06-02/diff_init/teachers_8/seed_1/checkpoint.h5
8,diff_init,1,fixed,10001,0,4.11729,5.68116,1.56095,0,0.378592,0,0,/home/lvmingyang/raptor_diff_20260531_215150/diffphys/rl-tools/runs/teacher_cost_pilot/mini_teachers_2026-06-02/diff_init/teachers_8/seed_1/checkpoint.h5
8,diff_init,1,fixed,10002,0,4.10065,5.65797,1.60024,0,0.378044,0,0,/home/lvmingyang/raptor_diff_20260531_215150/diffphys/rl-tools/runs/teacher_cost_pilot/mini_teachers_2026-06-02/diff_init/teachers_8/seed_1/checkpoint.h5
8,diff_init,1,narrow,10000,0,3.88595,5.28827,1.56403,0,0.373302,0,0,/home/lvmingyang/raptor_diff_20260531_215150/diffphys/rl-tools/runs/teacher_cost_pilot/mini_teachers_2026-06-02/diff_init/teachers_8/seed_1/checkpoint.h5
8,diff_init,1,narrow,10001,0,3.93249,5.37489,1.67406,0,0.371897,0,0,/home/lvmingyang/raptor_diff_20260531_215150/diffphys/rl-tools/runs/teacher_cost_pilot/mini_teachers_2026-06-02/diff_init/teachers_8/seed_1/checkpoint.h5
8,diff_init,1,narrow,10002,0,3.917,5.3386,1.75389,0,0.375218,0,0,/home/lvmingyang/raptor_diff_20260531_215150/diffphys/rl-tools/runs/teacher_cost_pilot/mini_teachers_2026-06-02/diff_init/teachers_8/seed_1/checkpoint.h5
8,diff_init,1,medium,10000,0,3.5949,4.80053,1.56119,0,0.360995,0,0,/home/lvmingyang/raptor_diff_20260531_215150/diffphys/rl-tools/runs/teacher_cost_pilot/mini_teachers_2026-06-02/diff_init/teachers_8/seed_1/checkpoint.h5
8,diff_init,1,medium,10001,0,3.69518,4.96731,1.70193,0,0.362014,0,0,/home/lvmingyang/raptor_diff_20260531_215150/diffphys/rl-tools/runs/teacher_cost_pilot/mini_teachers_2026-06-02/diff_init/teachers_8/seed_1/checkpoint.h5
8,diff_init,1,medium,10002,0,3.54576,4.83443,1.64526,0,0.355695,0,0,/home/lvmingyang/raptor_diff_20260531_215150/diffphys/rl-tools/runs/teacher_cost_pilot/mini_teachers_2026-06-02/diff_init/teachers_8/seed_1/checkpoint.h5
8,scratch,2,fixed,10000,0,7.6274,12.1179,33.6452,0,0.159458,0,0,/home/lvmingyang/raptor_diff_20260531_215150/diffphys/rl-tools/runs/teacher_cost_pilot/mini_teachers_2026-06-02/scratch/teachers_8/seed_2/checkpoint.h5
8,scratch,2,fixed,10001,0,7.50511,12.0026,31.8677,0,0.157584,0,0,/home/lvmingyang/raptor_diff_20260531_215150/diffphys/rl-tools/runs/teacher_cost_pilot/mini_teachers_2026-06-02/scratch/teachers_8/seed_2/checkpoint.h5
8,scratch,2,fixed,10002,0,7.41221,11.8457,32.1208,0,0.155052,0,0,/home/lvmingyang/raptor_diff_20260531_215150/diffphys/rl-tools/runs/teacher_cost_pilot/mini_teachers_2026-06-02/scratch/teachers_8/seed_2/checkpoint.h5
8,scratch,2,narrow,10000,0,7.46129,12.0075,30.1612,0,0.14587,0,0,/home/lvmingyang/raptor_diff_20260531_215150/diffphys/rl-tools/runs/teacher_cost_pilot/mini_teachers_2026-06-02/scratch/teachers_8/seed_2/checkpoint.h5
8,scratch,2,narrow,10001,0,7.41922,11.9079,28.2294,0,0.143183,0,0,/home/lvmingyang/raptor_diff_20260531_215150/diffphys/rl-tools/runs/teacher_cost_pilot/mini_teachers_2026-06-02/scratch/teachers_8/seed_2/checkpoint.h5
8,scratch,2,narrow,10002,0,7.50212,11.9636,29.0085,0,0.143627,0,0,/home/lvmingyang/raptor_diff_20260531_215150/diffphys/rl-tools/runs/teacher_cost_pilot/mini_teachers_2026-06-02/scratch/teachers_8/seed_2/checkpoint.h5
8,scratch,2,medium,10000,0,7.395,11.9102,29.1205,0,0.145214,0,0,/home/lvmingyang/raptor_diff_20260531_215150/diffphys/rl-tools/runs/teacher_cost_pilot/mini_teachers_2026-06-02/scratch/teachers_8/seed_2/checkpoint.h5
8,scratch,2,medium,10001,0,7.34965,11.8236,26.9089,0,0.141292,0,0,/home/lvmingyang/raptor_diff_20260531_215150/diffphys/rl-tools/runs/teacher_cost_pilot/mini_teachers_2026-06-02/scratch/teachers_8/seed_2/checkpoint.h5
8,scratch,2,medium,10002,0,7.15227,11.5939,27.4281,0,0.144981,0,0,/home/lvmingyang/raptor_diff_20260531_215150/diffphys/rl-tools/runs/teacher_cost_pilot/mini_teachers_2026-06-02/scratch/teachers_8/seed_2/checkpoint.h5
8,diff_init,2,fixed,10000,0,4.22047,5.78034,1.62523,0,0.383252,0,0,/home/lvmingyang/raptor_diff_20260531_215150/diffphys/rl-tools/runs/teacher_cost_pilot/mini_teachers_2026-06-02/diff_init/teachers_8/seed_2/checkpoint.h5
8,diff_init,2,fixed,10001,0,4.12247,5.69104,1.55354,0,0.376801,0,0,/home/lvmingyang/raptor_diff_20260531_215150/diffphys/rl-tools/runs/teacher_cost_pilot/mini_teachers_2026-06-02/diff_init/teachers_8/seed_2/checkpoint.h5
8,diff_init,2,fixed,10002,0,4.10612,5.66846,1.59314,0,0.376246,0,0,/home/lvmingyang/raptor_diff_20260531_215150/diffphys/rl-tools/runs/teacher_cost_pilot/mini_teachers_2026-06-02/diff_init/teachers_8/seed_2/checkpoint.h5
8,diff_init,2,narrow,10000,0,3.89145,5.29842,1.55771,0,0.371541,0,0,/home/lvmingyang/raptor_diff_20260531_215150/diffphys/rl-tools/runs/teacher_cost_pilot/mini_teachers_2026-06-02/diff_init/teachers_8/seed_2/checkpoint.h5
8,diff_init,2,narrow,10001,0,3.93805,5.38554,1.66731,0,0.370156,0,0,/home/lvmingyang/raptor_diff_20260531_215150/diffphys/rl-tools/runs/teacher_cost_pilot/mini_teachers_2026-06-02/diff_init/teachers_8/seed_2/checkpoint.h5
8,diff_init,2,narrow,10002,0,3.92288,5.34944,1.74732,0,0.373509,0,0,/home/lvmingyang/raptor_diff_20260531_215150/diffphys/rl-tools/runs/teacher_cost_pilot/mini_teachers_2026-06-02/diff_init/teachers_8/seed_2/checkpoint.h5
8,diff_init,2,medium,10000,0,3.60069,4.8111,1.5551,0,0.359285,0,0,/home/lvmingyang/raptor_diff_20260531_215150/diffphys/rl-tools/runs/teacher_cost_pilot/mini_teachers_2026-06-02/diff_init/teachers_8/seed_2/checkpoint.h5
8,diff_init,2,medium,10001,0,3.70093,4.97827,1.69551,0,0.360322,0,0,/home/lvmingyang/raptor_diff_20260531_215150/diffphys/rl-tools/runs/teacher_cost_pilot/mini_teachers_2026-06-02/diff_init/teachers_8/seed_2/checkpoint.h5
8,diff_init,2,medium,10002,0,3.55168,4.84521,1.63939,0,0.354041,0,0,/home/lvmingyang/raptor_diff_20260531_215150/diffphys/rl-tools/runs/teacher_cost_pilot/mini_teachers_2026-06-02/diff_init/teachers_8/seed_2/checkpoint.h5
16,scratch,0,fixed,10000,0,7.6757,12.5389,8.10788,0,0.0617134,0,0,/home/lvmingyang/raptor_diff_20260531_215150/diffphys/rl-tools/runs/teacher_cost_pilot/mini_teachers_2026-06-02/scratch/teachers_16/seed_0/checkpoint.h5
16,scratch,0,fixed,10001,0,7.37272,12.141,7.87019,0,0.0596033,0,0,/home/lvmingyang/raptor_diff_20260531_215150/diffphys/rl-tools/runs/teacher_cost_pilot/mini_teachers_2026-06-02/scratch/teachers_16/seed_0/checkpoint.h5
16,scratch,0,fixed,10002,0,7.47031,12.2448,8.02748,0,0.0568897,0,0,/home/lvmingyang/raptor_diff_20260531_215150/diffphys/rl-tools/runs/teacher_cost_pilot/mini_teachers_2026-06-02/scratch/teachers_16/seed_0/checkpoint.h5
16,scratch,0,narrow,10000,0,7.47318,12.2254,7.43589,0,0.0577669,0,0,/home/lvmingyang/raptor_diff_20260531_215150/diffphys/rl-tools/runs/teacher_cost_pilot/mini_teachers_2026-06-02/scratch/teachers_16/seed_0/checkpoint.h5
16,scratch,0,narrow,10001,0,7.45838,12.2697,8.17264,0,0.0593625,0,0,/home/lvmingyang/raptor_diff_20260531_215150/diffphys/rl-tools/runs/teacher_cost_pilot/mini_teachers_2026-06-02/scratch/teachers_16/seed_0/checkpoint.h5
16,scratch,0,narrow,10002,0,7.62047,12.5243,7.57833,0,0.060893,0,0,/home/lvmingyang/raptor_diff_20260531_215150/diffphys/rl-tools/runs/teacher_cost_pilot/mini_teachers_2026-06-02/scratch/teachers_16/seed_0/checkpoint.h5
16,scratch,0,medium,10000,0,7.40474,12.2036,7.503,0,0.0585467,0,0,/home/lvmingyang/raptor_diff_20260531_215150/diffphys/rl-tools/runs/teacher_cost_pilot/mini_teachers_2026-06-02/scratch/teachers_16/seed_0/checkpoint.h5
16,scratch,0,medium,10001,0,7.40048,12.2265,8.65861,0,0.0616705,0,0,/home/lvmingyang/raptor_diff_20260531_215150/diffphys/rl-tools/runs/teacher_cost_pilot/mini_teachers_2026-06-02/scratch/teachers_16/seed_0/checkpoint.h5
16,scratch,0,medium,10002,0,7.26052,12.0393,7.64935,0,0.0597163,0,0,/home/lvmingyang/raptor_diff_20260531_215150/diffphys/rl-tools/runs/teacher_cost_pilot/mini_teachers_2026-06-02/scratch/teachers_16/seed_0/checkpoint.h5
16,diff_init,0,fixed,10000,0,4.23829,5.8106,1.59176,0,0.37733,0,0,/home/lvmingyang/raptor_diff_20260531_215150/diffphys/rl-tools/runs/teacher_cost_pilot/mini_teachers_2026-06-02/diff_init/teachers_16/seed_0/checkpoint.h5
16,diff_init,0,fixed,10001,0,4.14163,5.72421,1.52251,0,0.37101,0,0,/home/lvmingyang/raptor_diff_20260531_215150/diffphys/rl-tools/runs/teacher_cost_pilot/mini_teachers_2026-06-02/diff_init/teachers_16/seed_0/checkpoint.h5
16,diff_init,0,fixed,10002,0,4.12276,5.69754,1.56257,0,0.370457,0,0,/home/lvmingyang/raptor_diff_20260531_215150/diffphys/rl-tools/runs/teacher_cost_pilot/mini_teachers_2026-06-02/diff_init/teachers_16/seed_0/checkpoint.h5
16,diff_init,0,narrow,10000,0,3.91109,5.3331,1.52584,0,0.365719,0,0,/home/lvmingyang/raptor_diff_20260531_215150/diffphys/rl-tools/runs/teacher_cost_pilot/mini_teachers_2026-06-02/diff_init/teachers_16/seed_0/checkpoint.h5
16,diff_init,0,narrow,10001,0,3.95582,5.41627,1.63699,0,0.36434,0,0,/home/lvmingyang/raptor_diff_20260531_215150/diffphys/rl-tools/runs/teacher_cost_pilot/mini_teachers_2026-06-02/diff_init/teachers_16/seed_0/checkpoint.h5
16,diff_init,0,narrow,10002,0,3.939,5.37865,1.71461,0,0.367638,0,0,/home/lvmingyang/raptor_diff_20260531_215150/diffphys/rl-tools/runs/teacher_cost_pilot/mini_teachers_2026-06-02/diff_init/teachers_16/seed_0/checkpoint.h5
16,diff_init,0,medium,10000,0,3.62115,4.84637,1.52522,0,0.353651,0,0,/home/lvmingyang/raptor_diff_20260531_215150/diffphys/rl-tools/runs/teacher_cost_pilot/mini_teachers_2026-06-02/diff_init/teachers_16/seed_0/checkpoint.h5
16,diff_init,0,medium,10001,0,3.71872,5.00815,1.6657,0,0.354648,0,0,/home/lvmingyang/raptor_diff_20260531_215150/diffphys/rl-tools/runs/teacher_cost_pilot/mini_teachers_2026-06-02/diff_init/teachers_16/seed_0/checkpoint.h5
16,diff_init,0,medium,10002,0,3.56868,4.87497,1.60898,0,0.348446,0,0,/home/lvmingyang/raptor_diff_20260531_215150/diffphys/rl-tools/runs/teacher_cost_pilot/mini_teachers_2026-06-02/diff_init/teachers_16/seed_0/checkpoint.h5
16,scratch,1,fixed,10000,0,7.68665,12.5085,6.2291,0,0.0966979,0,0,/home/lvmingyang/raptor_diff_20260531_215150/diffphys/rl-tools/runs/teacher_cost_pilot/mini_teachers_2026-06-02/scratch/teachers_16/seed_1/checkpoint.h5
16,scratch,1,fixed,10001,0,7.40797,12.2612,6.20577,0,0.0942486,0,0,/home/lvmingyang/raptor_diff_20260531_215150/diffphys/rl-tools/runs/teacher_cost_pilot/mini_teachers_2026-06-02/scratch/teachers_16/seed_1/checkpoint.h5
16,scratch,1,fixed,10002,0,7.42013,12.1419,6.142,0,0.0977786,0,0,/home/lvmingyang/raptor_diff_20260531_215150/diffphys/rl-tools/runs/teacher_cost_pilot/mini_teachers_2026-06-02/scratch/teachers_16/seed_1/checkpoint.h5
16,scratch,1,narrow,10000,0,7.25338,12.0245,5.78658,0,0.0946399,0,0,/home/lvmingyang/raptor_diff_20260531_215150/diffphys/rl-tools/runs/teacher_cost_pilot/mini_teachers_2026-06-02/scratch/teachers_16/seed_1/checkpoint.h5
16,scratch,1,narrow,10001,0,7.41978,12.32,6.12779,0,0.0965953,0,0,/home/lvmingyang/raptor_diff_20260531_215150/diffphys/rl-tools/runs/teacher_cost_pilot/mini_teachers_2026-06-02/scratch/teachers_16/seed_1/checkpoint.h5
16,scratch,1,narrow,10002,0,7.65722,12.4478,6.27372,0,0.0991094,0,0,/home/lvmingyang/raptor_diff_20260531_215150/diffphys/rl-tools/runs/teacher_cost_pilot/mini_teachers_2026-06-02/scratch/teachers_16/seed_1/checkpoint.h5
16,scratch,1,medium,10000,0,7.16057,11.9489,5.86531,0,0.0936083,0,0,/home/lvmingyang/raptor_diff_20260531_215150/diffphys/rl-tools/runs/teacher_cost_pilot/mini_teachers_2026-06-02/scratch/teachers_16/seed_1/checkpoint.h5
16,scratch,1,medium,10001,0,7.3861,12.379,6.38894,0,0.096664,0,0,/home/lvmingyang/raptor_diff_20260531_215150/diffphys/rl-tools/runs/teacher_cost_pilot/mini_teachers_2026-06-02/scratch/teachers_16/seed_1/checkpoint.h5
16,scratch,1,medium,10002,0,7.21224,12.1406,6.26174,0,0.0973469,0,0,/home/lvmingyang/raptor_diff_20260531_215150/diffphys/rl-tools/runs/teacher_cost_pilot/mini_teachers_2026-06-02/scratch/teachers_16/seed_1/checkpoint.h5
16,diff_init,1,fixed,10000,0,4.22353,5.78397,1.61609,0,0.382253,0,0,/home/lvmingyang/raptor_diff_20260531_215150/diffphys/rl-tools/runs/teacher_cost_pilot/mini_teachers_2026-06-02/diff_init/teachers_16/seed_1/checkpoint.h5
16,diff_init,1,fixed,10001,0,4.1269,5.69739,1.5465,0,0.375862,0,0,/home/lvmingyang/raptor_diff_20260531_215150/diffphys/rl-tools/runs/teacher_cost_pilot/mini_teachers_2026-06-02/diff_init/teachers_16/seed_1/checkpoint.h5
16,diff_init,1,fixed,10002,0,4.10857,5.67142,1.58571,0,0.375293,0,0,/home/lvmingyang/raptor_diff_20260531_215150/diffphys/rl-tools/runs/teacher_cost_pilot/mini_teachers_2026-06-02/diff_init/teachers_16/seed_1/checkpoint.h5
16,diff_init,1,narrow,10000,0,3.89518,5.30434,1.55065,0,0.370602,0,0,/home/lvmingyang/raptor_diff_20260531_215150/diffphys/rl-tools/runs/teacher_cost_pilot/mini_teachers_2026-06-02/diff_init/teachers_16/seed_1/checkpoint.h5
16,diff_init,1,narrow,10001,0,3.94072,5.38906,1.66087,0,0.369165,0,0,/home/lvmingyang/raptor_diff_20260531_215150/diffphys/rl-tools/runs/teacher_cost_pilot/mini_teachers_2026-06-02/diff_init/teachers_16/seed_1/checkpoint.h5
16,diff_init,1,narrow,10002,0,3.92421,5.35132,1.73769,0,0.372435,0,0,/home/lvmingyang/raptor_diff_20260531_215150/diffphys/rl-tools/runs/teacher_cost_pilot/mini_teachers_2026-06-02/diff_init/teachers_16/seed_1/checkpoint.h5
16,diff_init,1,medium,10000,0,3.60448,4.81675,1.54863,0,0.35838,0,0,/home/lvmingyang/raptor_diff_20260531_215150/diffphys/rl-tools/runs/teacher_cost_pilot/mini_teachers_2026-06-02/diff_init/teachers_16/seed_1/checkpoint.h5
16,diff_init,1,medium,10001,0,3.70319,4.98072,1.68936,0,0.359344,0,0,/home/lvmingyang/raptor_diff_20260531_215150/diffphys/rl-tools/runs/teacher_cost_pilot/mini_teachers_2026-06-02/diff_init/teachers_16/seed_1/checkpoint.h5
16,diff_init,1,medium,10002,0,3.55346,4.84752,1.63162,0,0.353079,0,0,/home/lvmingyang/raptor_diff_20260531_215150/diffphys/rl-tools/runs/teacher_cost_pilot/mini_teachers_2026-06-02/diff_init/teachers_16/seed_1/checkpoint.h5
16,scratch,2,fixed,10000,0,7.6625,12.1556,14.7351,0,0.112441,0,0,/home/lvmingyang/raptor_diff_20260531_215150/diffphys/rl-tools/runs/teacher_cost_pilot/mini_teachers_2026-06-02/scratch/teachers_16/seed_2/checkpoint.h5
16,scratch,2,fixed,10001,0,7.55163,12.0554,15.1113,0,0.117244,0,0,/home/lvmingyang/raptor_diff_20260531_215150/diffphys/rl-tools/runs/teacher_cost_pilot/mini_teachers_2026-06-02/scratch/teachers_16/seed_2/checkpoint.h5
16,scratch,2,fixed,10002,0,7.47936,11.881,14.4303,0,0.114068,0,0,/home/lvmingyang/raptor_diff_20260531_215150/diffphys/rl-tools/runs/teacher_cost_pilot/mini_teachers_2026-06-02/scratch/teachers_16/seed_2/checkpoint.h5
16,scratch,2,narrow,10000,0,7.53394,12.0541,14.5073,0,0.109459,0,0,/home/lvmingyang/raptor_diff_20260531_215150/diffphys/rl-tools/runs/teacher_cost_pilot/mini_teachers_2026-06-02/scratch/teachers_16/seed_2/checkpoint.h5
16,scratch,2,narrow,10001,0,7.4882,11.9937,14.0961,0,0.110592,0,0,/home/lvmingyang/raptor_diff_20260531_215150/diffphys/rl-tools/runs/teacher_cost_pilot/mini_teachers_2026-06-02/scratch/teachers_16/seed_2/checkpoint.h5
16,scratch,2,narrow,10002,0,7.56166,12.0828,13.3634,0,0.1107,0,0,/home/lvmingyang/raptor_diff_20260531_215150/diffphys/rl-tools/runs/teacher_cost_pilot/mini_teachers_2026-06-02/scratch/teachers_16/seed_2/checkpoint.h5
16,scratch,2,medium,10000,0,7.47506,12.0153,14.0944,0,0.110206,0,0,/home/lvmingyang/raptor_diff_20260531_215150/diffphys/rl-tools/runs/teacher_cost_pilot/mini_teachers_2026-06-02/scratch/teachers_16/seed_2/checkpoint.h5
16,scratch,2,medium,10001,0,7.43514,11.9365,13.6083,0,0.112566,0,0,/home/lvmingyang/raptor_diff_20260531_215150/diffphys/rl-tools/runs/teacher_cost_pilot/mini_teachers_2026-06-02/scratch/teachers_16/seed_2/checkpoint.h5
16,scratch,2,medium,10002,0,7.23739,11.6643,13.8254,0,0.115198,0,0,/home/lvmingyang/raptor_diff_20260531_215150/diffphys/rl-tools/runs/teacher_cost_pilot/mini_teachers_2026-06-02/scratch/teachers_16/seed_2/checkpoint.h5
16,diff_init,2,fixed,10000,0,4.23874,5.81128,1.59458,0,0.377392,0,0,/home/lvmingyang/raptor_diff_20260531_215150/diffphys/rl-tools/runs/teacher_cost_pilot/mini_teachers_2026-06-02/diff_init/teachers_16/seed_2/checkpoint.h5
16,diff_init,2,fixed,10001,0,4.14228,5.72481,1.52426,0,0.371031,0,0,/home/lvmingyang/raptor_diff_20260531_215150/diffphys/rl-tools/runs/teacher_cost_pilot/mini_teachers_2026-06-02/diff_init/teachers_16/seed_2/checkpoint.h5
16,diff_init,2,fixed,10002,0,4.12327,5.69819,1.56425,0,0.370429,0,0,/home/lvmingyang/raptor_diff_20260531_215150/diffphys/rl-tools/runs/teacher_cost_pilot/mini_teachers_2026-06-02/diff_init/teachers_16/seed_2/checkpoint.h5
16,diff_init,2,narrow,10000,0,3.91117,5.33315,1.52984,0,0.365825,0,0,/home/lvmingyang/raptor_diff_20260531_215150/diffphys/rl-tools/runs/teacher_cost_pilot/mini_teachers_2026-06-02/diff_init/teachers_16/seed_2/checkpoint.h5
16,diff_init,2,narrow,10001,0,3.95618,5.41669,1.64046,0,0.364413,0,0,/home/lvmingyang/raptor_diff_20260531_215150/diffphys/rl-tools/runs/teacher_cost_pilot/mini_teachers_2026-06-02/diff_init/teachers_16/seed_2/checkpoint.h5
16,diff_init,2,narrow,10002,0,3.93951,5.37931,1.71693,0,0.367712,0,0,/home/lvmingyang/raptor_diff_20260531_215150/diffphys/rl-tools/runs/teacher_cost_pilot/mini_teachers_2026-06-02/diff_init/teachers_16/seed_2/checkpoint.h5
16,diff_init,2,medium,10000,0,3.62124,4.84638,1.52903,0,0.353761,0,0,/home/lvmingyang/raptor_diff_20260531_215150/diffphys/rl-tools/runs/teacher_cost_pilot/mini_teachers_2026-06-02/diff_init/teachers_16/seed_2/checkpoint.h5
16,diff_init,2,medium,10001,0,3.71913,5.00859,1.66916,0,0.354726,0,0,/home/lvmingyang/raptor_diff_20260531_215150/diffphys/rl-tools/runs/teacher_cost_pilot/mini_teachers_2026-06-02/diff_init/teachers_16/seed_2/checkpoint.h5
16,diff_init,2,medium,10002,0,3.56915,4.87515,1.61236,0,0.348531,0,0,/home/lvmingyang/raptor_diff_20260531_215150/diffphys/rl-tools/runs/teacher_cost_pilot/mini_teachers_2026-06-02/diff_init/teachers_16/seed_2/checkpoint.h5
32,scratch,0,fixed,10000,0,7.64134,12.4117,10.7464,0,0.0715277,0,0,/home/lvmingyang/raptor_diff_20260531_215150/diffphys/rl-tools/runs/teacher_cost_pilot/mini_teachers_2026-06-02/scratch/teachers_32/seed_0/checkpoint.h5
32,scratch,0,fixed,10001,0,7.43352,12.082,10.2588,0,0.0677552,0,0,/home/lvmingyang/raptor_diff_20260531_215150/diffphys/rl-tools/runs/teacher_cost_pilot/mini_teachers_2026-06-02/scratch/teachers_32/seed_0/checkpoint.h5
32,scratch,0,fixed,10002,0,7.44358,12.1168,10.9073,0,0.0674581,0,0,/home/lvmingyang/raptor_diff_20260531_215150/diffphys/rl-tools/runs/teacher_cost_pilot/mini_teachers_2026-06-02/scratch/teachers_32/seed_0/checkpoint.h5
32,scratch,0,narrow,10000,0,7.33917,11.9512,11.3251,0,0.067957,0,0,/home/lvmingyang/raptor_diff_20260531_215150/diffphys/rl-tools/runs/teacher_cost_pilot/mini_teachers_2026-06-02/scratch/teachers_32/seed_0/checkpoint.h5
32,scratch,0,narrow,10001,0,7.41783,12.1291,11.6973,0,0.0693814,0,0,/home/lvmingyang/raptor_diff_20260531_215150/diffphys/rl-tools/runs/teacher_cost_pilot/mini_teachers_2026-06-02/scratch/teachers_32/seed_0/checkpoint.h5
32,scratch,0,narrow,10002,0,7.69061,12.4797,12.1734,0,0.0700155,0,0,/home/lvmingyang/raptor_diff_20260531_215150/diffphys/rl-tools/runs/teacher_cost_pilot/mini_teachers_2026-06-02/scratch/teachers_32/seed_0/checkpoint.h5
32,scratch,0,medium,10000,0,7.19267,11.7544,11.9677,0,0.0697043,0,0,/home/lvmingyang/raptor_diff_20260531_215150/diffphys/rl-tools/runs/teacher_cost_pilot/mini_teachers_2026-06-02/scratch/teachers_32/seed_0/checkpoint.h5
32,scratch,0,medium,10001,0,7.35012,12.0429,12.2917,0,0.0726809,0,0,/home/lvmingyang/raptor_diff_20260531_215150/diffphys/rl-tools/runs/teacher_cost_pilot/mini_teachers_2026-06-02/scratch/teachers_32/seed_0/checkpoint.h5
32,scratch,0,medium,10002,0,7.15437,11.8056,11.9743,0,0.0701885,0,0,/home/lvmingyang/raptor_diff_20260531_215150/diffphys/rl-tools/runs/teacher_cost_pilot/mini_teachers_2026-06-02/scratch/teachers_32/seed_0/checkpoint.h5
32,diff_init,0,fixed,10000,0,4.22845,5.79261,1.60115,0,0.380838,0,0,/home/lvmingyang/raptor_diff_20260531_215150/diffphys/rl-tools/runs/teacher_cost_pilot/mini_teachers_2026-06-02/diff_init/teachers_32/seed_0/checkpoint.h5
32,diff_init,0,fixed,10001,0,4.13203,5.70692,1.53243,0,0.374493,0,0,/home/lvmingyang/raptor_diff_20260531_215150/diffphys/rl-tools/runs/teacher_cost_pilot/mini_teachers_2026-06-02/diff_init/teachers_32/seed_0/checkpoint.h5
32,diff_init,0,fixed,10002,0,4.11243,5.67931,1.57168,0,0.373935,0,0,/home/lvmingyang/raptor_diff_20260531_215150/diffphys/rl-tools/runs/teacher_cost_pilot/mini_teachers_2026-06-02/diff_init/teachers_32/seed_0/checkpoint.h5
32,diff_init,0,narrow,10000,0,3.90051,5.31484,1.53471,0,0.369205,0,0,/home/lvmingyang/raptor_diff_20260531_215150/diffphys/rl-tools/runs/teacher_cost_pilot/mini_teachers_2026-06-02/diff_init/teachers_32/seed_0/checkpoint.h5
32,diff_init,0,narrow,10001,0,3.94531,5.39768,1.64638,0,0.36777,0,0,/home/lvmingyang/raptor_diff_20260531_215150/diffphys/rl-tools/runs/teacher_cost_pilot/mini_teachers_2026-06-02/diff_init/teachers_32/seed_0/checkpoint.h5
32,diff_init,0,narrow,10002,0,3.9275,5.35913,1.72348,0,0.371019,0,0,/home/lvmingyang/raptor_diff_20260531_215150/diffphys/rl-tools/runs/teacher_cost_pilot/mini_teachers_2026-06-02/diff_init/teachers_32/seed_0/checkpoint.h5
32,diff_init,0,medium,10000,0,3.61002,4.82711,1.53402,0,0.357046,0,0,/home/lvmingyang/raptor_diff_20260531_215150/diffphys/rl-tools/runs/teacher_cost_pilot/mini_teachers_2026-06-02/diff_init/teachers_32/seed_0/checkpoint.h5
32,diff_init,0,medium,10001,0,3.70779,4.9887,1.67527,0,0.35799,0,0,/home/lvmingyang/raptor_diff_20260531_215150/diffphys/rl-tools/runs/teacher_cost_pilot/mini_teachers_2026-06-02/diff_init/teachers_32/seed_0/checkpoint.h5
32,diff_init,0,medium,10002,0,3.5571,4.85487,1.61685,0,0.351753,0,0,/home/lvmingyang/raptor_diff_20260531_215150/diffphys/rl-tools/runs/teacher_cost_pilot/mini_teachers_2026-06-02/diff_init/teachers_32/seed_0/checkpoint.h5
32,scratch,1,fixed,10000,0,7.68781,12.317,5.88243,0,0.0880538,0,0,/home/lvmingyang/raptor_diff_20260531_215150/diffphys/rl-tools/runs/teacher_cost_pilot/mini_teachers_2026-06-02/scratch/teachers_32/seed_1/checkpoint.h5
32,scratch,1,fixed,10001,0,7.44648,12.2269,6.32577,0,0.0876798,0,0,/home/lvmingyang/raptor_diff_20260531_215150/diffphys/rl-tools/runs/teacher_cost_pilot/mini_teachers_2026-06-02/scratch/teachers_32/seed_1/checkpoint.h5
32,scratch,1,fixed,10002,0,7.44967,12.129,5.82684,0,0.0899196,0,0,/home/lvmingyang/raptor_diff_20260531_215150/diffphys/rl-tools/runs/teacher_cost_pilot/mini_teachers_2026-06-02/scratch/teachers_32/seed_1/checkpoint.h5
32,scratch,1,narrow,10000,0,7.28695,11.9653,5.44387,0,0.0869909,0,0,/home/lvmingyang/raptor_diff_20260531_215150/diffphys/rl-tools/runs/teacher_cost_pilot/mini_teachers_2026-06-02/scratch/teachers_32/seed_1/checkpoint.h5
32,scratch,1,narrow,10001,0,7.42944,12.2182,5.85641,0,0.0877142,0,0,/home/lvmingyang/raptor_diff_20260531_215150/diffphys/rl-tools/runs/teacher_cost_pilot/mini_teachers_2026-06-02/scratch/teachers_32/seed_1/checkpoint.h5
32,scratch,1,narrow,10002,0,7.65133,12.3325,6.36762,0,0.092247,0,0,/home/lvmingyang/raptor_diff_20260531_215150/diffphys/rl-tools/runs/teacher_cost_pilot/mini_teachers_2026-06-02/scratch/teachers_32/seed_1/checkpoint.h5
32,scratch,1,medium,10000,0,7.17761,11.8267,5.58981,0,0.0860885,0,0,/home/lvmingyang/raptor_diff_20260531_215150/diffphys/rl-tools/runs/teacher_cost_pilot/mini_teachers_2026-06-02/scratch/teachers_32/seed_1/checkpoint.h5
32,scratch,1,medium,10001,0,7.36691,12.1702,6.12643,0,0.0873063,0,0,/home/lvmingyang/raptor_diff_20260531_215150/diffphys/rl-tools/runs/teacher_cost_pilot/mini_teachers_2026-06-02/scratch/teachers_32/seed_1/checkpoint.h5
32,scratch,1,medium,10002,0,7.19952,11.9354,6.14829,0,0.0893588,0,0,/home/lvmingyang/raptor_diff_20260531_215150/diffphys/rl-tools/runs/teacher_cost_pilot/mini_teachers_2026-06-02/scratch/teachers_32/seed_1/checkpoint.h5
32,diff_init,1,fixed,10000,0,4.22345,5.78406,1.60649,0,0.382512,0,0,/home/lvmingyang/raptor_diff_20260531_215150/diffphys/rl-tools/runs/teacher_cost_pilot/mini_teachers_2026-06-02/diff_init/teachers_32/seed_1/checkpoint.h5
32,diff_init,1,fixed,10001,0,4.12722,5.69832,1.53763,0,0.376124,0,0,/home/lvmingyang/raptor_diff_20260531_215150/diffphys/rl-tools/runs/teacher_cost_pilot/mini_teachers_2026-06-02/diff_init/teachers_32/seed_1/checkpoint.h5
32,diff_init,1,fixed,10002,0,4.10749,5.67078,1.57609,0,0.375551,0,0,/home/lvmingyang/raptor_diff_20260531_215150/diffphys/rl-tools/runs/teacher_cost_pilot/mini_teachers_2026-06-02/diff_init/teachers_32/seed_1/checkpoint.h5
32,diff_init,1,narrow,10000,0,3.89506,5.30534,1.53998,0,0.370884,0,0,/home/lvmingyang/raptor_diff_20260531_215150/diffphys/rl-tools/runs/teacher_cost_pilot/mini_teachers_2026-06-02/diff_init/teachers_32/seed_1/checkpoint.h5
32,diff_init,1,narrow,10001,0,3.94021,5.38874,1.65147,0,0.369421,0,0,/home/lvmingyang/raptor_diff_20260531_215150/diffphys/rl-tools/runs/teacher_cost_pilot/mini_teachers_2026-06-02/diff_init/teachers_32/seed_1/checkpoint.h5
32,diff_init,1,narrow,10002,0,3.92222,5.35011,1.72924,0,0.372651,0,0,/home/lvmingyang/raptor_diff_20260531_215150/diffphys/rl-tools/runs/teacher_cost_pilot/mini_teachers_2026-06-02/diff_init/teachers_32/seed_1/checkpoint.h5
32,diff_init,1,medium,10000,0,3.60425,4.81715,1.53935,0,0.358684,0,0,/home/lvmingyang/raptor_diff_20260531_215150/diffphys/rl-tools/runs/teacher_cost_pilot/mini_teachers_2026-06-02/diff_init/teachers_32/seed_1/checkpoint.h5
32,diff_init,1,medium,10001,0,3.70247,4.97949,1.68078,0,0.359607,0,0,/home/lvmingyang/raptor_diff_20260531_215150/diffphys/rl-tools/runs/teacher_cost_pilot/mini_teachers_2026-06-02/diff_init/teachers_32/seed_1/checkpoint.h5
32,diff_init,1,medium,10002,0,3.55168,4.84536,1.62182,0,0.35334,0,0,/home/lvmingyang/raptor_diff_20260531_215150/diffphys/rl-tools/runs/teacher_cost_pilot/mini_teachers_2026-06-02/diff_init/teachers_32/seed_1/checkpoint.h5
32,scratch,2,fixed,10000,0,7.65871,12.1737,29.2102,0,0.18891,0,0,/home/lvmingyang/raptor_diff_20260531_215150/diffphys/rl-tools/runs/teacher_cost_pilot/mini_teachers_2026-06-02/scratch/teachers_32/seed_2/checkpoint.h5
32,scratch,2,fixed,10001,0,7.55221,12.0678,28.4861,0,0.184139,0,0,/home/lvmingyang/raptor_diff_20260531_215150/diffphys/rl-tools/runs/teacher_cost_pilot/mini_teachers_2026-06-02/scratch/teachers_32/seed_2/checkpoint.h5
32,scratch,2,fixed,10002,0,7.48539,11.938,28.3672,0,0.185543,0,0,/home/lvmingyang/raptor_diff_20260531_215150/diffphys/rl-tools/runs/teacher_cost_pilot/mini_teachers_2026-06-02/scratch/teachers_32/seed_2/checkpoint.h5
32,scratch,2,narrow,10000,0,7.53537,12.0855,28.769,0,0.175898,0,0,/home/lvmingyang/raptor_diff_20260531_215150/diffphys/rl-tools/runs/teacher_cost_pilot/mini_teachers_2026-06-02/scratch/teachers_32/seed_2/checkpoint.h5
32,scratch,2,narrow,10001,0,7.50333,12.0492,28.4239,0,0.172282,0,0,/home/lvmingyang/raptor_diff_20260531_215150/diffphys/rl-tools/runs/teacher_cost_pilot/mini_teachers_2026-06-02/scratch/teachers_32/seed_2/checkpoint.h5
32,scratch,2,narrow,10002,0,7.5589,12.0895,29.2339,0,0.177738,0,0,/home/lvmingyang/raptor_diff_20260531_215150/diffphys/rl-tools/runs/teacher_cost_pilot/mini_teachers_2026-06-02/scratch/teachers_32/seed_2/checkpoint.h5
32,scratch,2,medium,10000,0,7.4793,12.0296,29.1347,0,0.177373,0,0,/home/lvmingyang/raptor_diff_20260531_215150/diffphys/rl-tools/runs/teacher_cost_pilot/mini_teachers_2026-06-02/scratch/teachers_32/seed_2/checkpoint.h5
32,scratch,2,medium,10001,0,7.44783,11.9529,29.0561,0,0.179881,0,0,/home/lvmingyang/raptor_diff_20260531_215150/diffphys/rl-tools/runs/teacher_cost_pilot/mini_teachers_2026-06-02/scratch/teachers_32/seed_2/checkpoint.h5
32,scratch,2,medium,10002,0,7.26546,11.8025,27.9551,0,0.176407,0,0,/home/lvmingyang/raptor_diff_20260531_215150/diffphys/rl-tools/runs/teacher_cost_pilot/mini_teachers_2026-06-02/scratch/teachers_32/seed_2/checkpoint.h5
32,diff_init,2,fixed,10000,0,4.24274,5.81799,1.58205,0,0.376183,0,0,/home/lvmingyang/raptor_diff_20260531_215150/diffphys/rl-tools/runs/teacher_cost_pilot/mini_teachers_2026-06-02/diff_init/teachers_32/seed_2/checkpoint.h5
32,diff_init,2,fixed,10001,0,4.14719,5.73335,1.51319,0,0.369863,0,0,/home/lvmingyang/raptor_diff_20260531_215150/diffphys/rl-tools/runs/teacher_cost_pilot/mini_teachers_2026-06-02/diff_init/teachers_32/seed_2/checkpoint.h5
32,diff_init,2,fixed,10002,0,4.12654,5.70425,1.5523,0,0.36925,0,0,/home/lvmingyang/raptor_diff_20260531_215150/diffphys/rl-tools/runs/teacher_cost_pilot/mini_teachers_2026-06-02/diff_init/teachers_32/seed_2/checkpoint.h5
32,diff_init,2,narrow,10000,0,3.91547,5.34141,1.51727,0,0.364678,0,0,/home/lvmingyang/raptor_diff_20260531_215150/diffphys/rl-tools/runs/teacher_cost_pilot/mini_teachers_2026-06-02/diff_init/teachers_32/seed_2/checkpoint.h5
32,diff_init,2,narrow,10001,0,3.95988,5.42311,1.62899,0,0.363244,0,0,/home/lvmingyang/raptor_diff_20260531_215150/diffphys/rl-tools/runs/teacher_cost_pilot/mini_teachers_2026-06-02/diff_init/teachers_32/seed_2/checkpoint.h5
32,diff_init,2,narrow,10002,0,3.94148,5.38413,1.70673,0,0.366516,0,0,/home/lvmingyang/raptor_diff_20260531_215150/diffphys/rl-tools/runs/teacher_cost_pilot/mini_teachers_2026-06-02/diff_init/teachers_32/seed_2/checkpoint.h5
32,diff_init,2,medium,10000,0,3.62567,4.85433,1.51868,0,0.352688,0,0,/home/lvmingyang/raptor_diff_20260531_215150/diffphys/rl-tools/runs/teacher_cost_pilot/mini_teachers_2026-06-02/diff_init/teachers_32/seed_2/checkpoint.h5
32,diff_init,2,medium,10001,0,3.72259,5.01399,1.65926,0,0.353611,0,0,/home/lvmingyang/raptor_diff_20260531_215150/diffphys/rl-tools/runs/teacher_cost_pilot/mini_teachers_2026-06-02/diff_init/teachers_32/seed_2/checkpoint.h5
32,diff_init,2,medium,10002,0,3.57185,4.88021,1.60104,0,0.347436,0,0,/home/lvmingyang/raptor_diff_20260531_215150/diffphys/rl-tools/runs/teacher_cost_pilot/mini_teachers_2026-06-02/diff_init/teachers_32/seed_2/checkpoint.h5
